id,presenter
193,Shajratul Alam
217,Ryan Buckland
27,Dingxian Cao
278,Lijiang Geng
238,Gregory Guranich
12,Colin Hill
183,Enrique ter Horst
89,Dongming Huang
75,Kristen Hunter
215,Khurshid Jahan
68,Peng Jin
189,Dongah Kim
259,Joseph A. Langan
79,JooChul Lee
140,Myeonggyun Lee
243,TingFang Lee
280,Moming Li
281,Yan Li
274,Elise Lim
282,Jung Wun Lee
72,Xiaokang Liu
143,FANG LIU
118,Fernanda Maciel
136,Thomas McAndrew
176,Paul McLaughlin
70,Jinjian Mu
202,MeiRose Neal
201,Isabel Nowinowski
1,yulei pang
71,Qi Qi
255,John J Ragland II
254,Shiva Gopal Shrestha
87,Haiyan Su
229,Herbert Susmann
78,Jianing Wang
82,Zhe Wang
165,Wenshuo Wang
182,Shuang Wang
220,Zhengfan Wang
227,Chuchu Wei
246,Kristina Yamkovoy
222,Guandong Yang
167,Ali Yousefi
65,Hang Yu
206,Jiahui Yu
74,Zhonghui Zhang
22,Isaac Zhao
163,Xiaojing Zhu